{"cameraMode":{"drawMode":0,"name":"Shaded","section":"Shading Mode"},"sceneLighting":false,"audioPlay":false,"sceneViewState":{"m_AlwaysRefresh":false,"showFog":true,"showSkybox":false,"showFlares":true,"showImageEffects":true,"showParticleSystems":true,"showVisualEffectGraphs":true,"m_FxEnabled":true},"in2DMode":false,"pivot":{"x":-11.315215110778809,"y":2.976954460144043,"z":-0.44206368923187258},"rotation":{"x":-0.005889571271836758,"y":0.756111741065979,"z":0.006805200595408678,"w":0.6543804407119751},"size":1.7036882638931275,"orthographic":false}