{"cameraMode":{"drawMode":0,"name":"Shaded","section":"Shading Mode"},"sceneLighting":false,"audioPlay":false,"sceneViewState":{"m_AlwaysRefresh":false,"showFog":true,"showSkybox":false,"showFlares":true,"showImageEffects":true,"showParticleSystems":true,"showVisualEffectGraphs":true,"m_FxEnabled":true},"in2DMode":false,"pivot":{"x":1.6892013549804688,"y":-0.5170316696166992,"z":12.257318496704102},"rotation":{"x":0.1296401172876358,"y":-0.6527537107467651,"z":0.11473938822746277,"w":0.7375238537788391},"size":10.026205062866211,"orthographic":false}