{"cameraMode":{"drawMode":0,"name":"Shaded","section":"Shading Mode"},"sceneLighting":false,"audioPlay":false,"sceneViewState":{"m_AlwaysRefresh":false,"showFog":true,"showSkybox":false,"showFlares":true,"showImageEffects":true,"showParticleSystems":true,"showVisualEffectGraphs":true,"m_FxEnabled":true},"in2DMode":false,"pivot":{"x":20.174800872802736,"y":2.7607316970825197,"z":-16.28990936279297},"rotation":{"x":-0.18165412545204163,"y":0.1127132996916771,"z":-0.020962471142411233,"w":-0.9766387939453125},"size":14.625717163085938,"orthographic":false}