{"cameraMode":{"drawMode":0,"name":"Shaded","section":"Shading Mode"},"sceneLighting":true,"audioPlay":false,"sceneViewState":{"m_AlwaysRefresh":false,"showFog":true,"showSkybox":true,"showFlares":true,"showImageEffects":true,"showParticleSystems":true,"showVisualEffectGraphs":true,"m_FxEnabled":true},"in2DMode":false,"pivot":{"x":25.594141006469728,"y":-1.0513482093811036,"z":-0.11622703075408936},"rotation":{"x":0.2561667263507843,"y":-0.5892823338508606,"z":0.20441249012947083,"w":0.7384757995605469},"size":4.252973556518555,"orthographic":false}