{"cameraMode":{"drawMode":0,"name":"Shaded","section":"Shading Mode"},"sceneLighting":true,"audioPlay":false,"sceneViewState":{"m_AlwaysRefresh":false,"showFog":true,"showSkybox":true,"showFlares":true,"showImageEffects":true,"showParticleSystems":true,"showVisualEffectGraphs":true,"m_FxEnabled":true},"in2DMode":false,"pivot":{"x":-4.454113960266113,"y":17.934560775756837,"z":7.822851657867432},"rotation":{"x":0.19271355867385865,"y":-0.19661089777946473,"z":0.03944597393274307,"w":0.9605475664138794},"size":6.442779064178467,"orthographic":false}