{"cameraMode":{"drawMode":0,"name":"Shaded","section":"Shading Mode"},"sceneLighting":true,"audioPlay":false,"sceneViewState":{"showFog":true,"showMaterialUpdate":false,"showSkybox":true,"showFlares":true,"showImageEffects":true,"showParticleSystems":true},"in2DMode":false,"pivot":{"x":-52.61724853515625,"y":-75.56100463867188,"z":134.43211364746095},"rotation":{"x":-0.27477866411209109,"y":0.20342622697353364,"z":-0.05960090458393097,"w":-0.9378535151481628},"size":221.578369140625,"orthographic":false}