{"cameraMode":{"drawMode":0,"name":"Shaded","section":"Shading Mode"},"sceneLighting":false,"audioPlay":false,"sceneViewState":{"m_AlwaysRefresh":false,"showFog":true,"showSkybox":false,"showFlares":true,"showImageEffects":true,"showParticleSystems":true,"showVisualEffectGraphs":true,"m_FxEnabled":true},"in2DMode":false,"pivot":{"x":-0.06882524490356446,"y":6.301741123199463,"z":-0.08823341131210327},"rotation":{"x":0.19787119328975678,"y":-0.19697347283363343,"z":0.04062556475400925,"w":0.9593752026557922},"size":6.985934257507324,"orthographic":false}