{"cameraMode":{"drawMode":0,"name":"Shaded","section":"Shading Mode"},"sceneLighting":false,"audioPlay":false,"sceneViewState":{"m_AlwaysRefresh":false,"showFog":true,"showSkybox":false,"showFlares":true,"showImageEffects":true,"showParticleSystems":true,"showVisualEffectGraphs":true,"m_FxEnabled":true},"in2DMode":false,"pivot":{"x":-2.0623176097869875,"y":2.8271689414978029,"z":4.755957126617432},"rotation":{"x":0.0217288825660944,"y":-0.6889725923538208,"z":0.020675400272011758,"w":0.7241640090942383},"size":0.8660253882408142,"orthographic":false}